,No,page,nick,time,content,area,ip,length,against,agree,channel,hot,level,login_type,media_type,mid
0,1,1,放开一切97697,2018-08-28 13:32:22,就是要搞垮你，再让别人来，你不尊重生命，让尊重生命的来,湖北武汉,27.17.139.47,27,1535434342,1,cj,0,2,0,0,5B84DE65-1B118B2F-13B559EFC-917-7E9
1,2,1,zyh专业化550空荡荡,2018-08-27 16:55:34,zyh专业化550空荡荡：事情发生这么多，该想办法，道歉对于被害者来说都是浮云。比方说：参加营运的车辆必须安装报警联动装置，就是每个座位安装乘客报警开关，只要按动，车辆后就显示报警提示，后面车辆行人都看见起威慑作用。同时110第一时间知道车辆在哪里，还可以实时通话，这个按目前技术来说没有一点问题，费用也不会怎么大。真的不想看见再发生这种事情，太可怜了。欢迎安保企业采用，专利费就免了。,浙江嘉兴,122.238.59.61,193,1535360134,3,cj,0,0,0,0,5B83BC87-7AEE3B3D-163526120-917-8F1
2,3,1,95尹天仇,2018-08-27 16:18:52,唉，问题的关键是就算拿皮鞭抽他滴滴公司的CEO几百下，也于事无补,北京,117.136.0.253,32,1535357932,0,cj,0,0,1,0,5B83B3ED-758800FD-168146D03-917-961
3,4,1,用户159****4857,2018-08-27 05:40:06,😡对！！！说到关健点了，看看滴滴用了什么运载工具为乘客服務？車上居然带着利斧、匕首、木棍！谈何文明和进步，是重回森林法则！,上海,180.158.67.105,62,1535319606,0,cj,0,1,2,0,5B831E36-B49E4369-595C88948743619F-917-8BA
4,5,1,用户3898863072,2018-08-27 05:37:47,消灭滴滴人人有责。。,上海,180.158.110.35,10,1535319466,7,cj,0,0,0,0,5B831DAB-B49E6E23-E863EDE0-917-926
5,6,1,用户159****4857,2018-08-27 05:06:54,你的观点真不苟同，郑州空姐和乐清美女会去坐黑车吗？坐出租弗用大，都明白滴滴快捷又便宜！她们怎么也想不到相信崇拜的滴滴送她们进了鬼门关！滴滴司机居然带着利斧、匕首在营运！是刑事案不错，但是滴滴让她们陷入了死亡陷井！,上海,180.158.67.105,106,1535317614,0,cj,0,1,2,0,5B83166E-B49E4369-595C88948743619F-917-953
6,7,1,用户159****4857,2018-08-27 04:31:59,滴滴让老百姓享受到了其它交通工具给不了的舒适快捷沒错，但是你发现没有郑州空姐和乐清美女是被利斧和匕首杀害的！如果滴滴平台不能杜绝这种私家車混在大部队里，老百姓能安心享受好的服务？🙏,上海,180.158.67.105,91,1535315519,0,cj,0,1,2,0,5B830E3F-B49E4369-595C88948743619F-917-82C
7,8,1,用户3898863072,2018-08-27 02:53:10,恶魔滴滴，嗜血滴滴，恐怖滴滴，去死吧,上海,180.158.110.35,18,1535309590,5,cj,0,0,0,0,5B82F716-B49E6E23-E863EDE0-917-8D3
8,9,1,zhiyuan1887,2018-08-27 00:52:25,这个女乘客也傻啊，竟然取消订单还上车。她不取消订单，滴滴软件上就有紧急报警按钮，滴滴公司可以实时知道车的位置。取消订单，这些功能都没有了。滴滴还以为你没有上车。 她的闺蜜也是2B。2点15分说都救命，抢救了，3点才联系上她电话。聪明都明白应该马上电话，联系不上，马上报警了。,广东惠州,183.31.25.245,137,1535302345,0,cj,0,1,0,0,5B82DAC8-B71F19F5-15217E5AB-917-955
9,10,1,kls147,2018-08-27 00:40:03,机器人来的,广东东莞,223.74.163.75,5,1535301603,4,cj,0,1,0,0,5B82D7E3-DF4AA34B-4A43A742-917-9B0
10,11,1,kls147,2018-08-27 00:37:28,你这算逻辑吗.垃圾,广东东莞,223.74.163.75,9,1535301448,2,cj,0,4,0,0,5B82D747-DF4AA34B-4A43A742-917-8F3
11,12,1,kls147,2018-08-27 00:32:47,2千万对滴滴来说还不是个小数目!两三个小时的收入..这不是9牛一毛..是900牛一条毛,广东东莞,223.74.163.75,43,1535301167,0,cj,0,1,0,0,5B82D62E-DF4AA34B-4A43A742-917-8E6
12,13,1,kls147,2018-08-27 00:30:11,你眼盲还是根本不看?她的朋友早就报警了.是民警亲自用她朋友的电话和滴滴各服要司机资料的.是滴滴公司一拖再拖说要公安出示证明拖了那么久的...,广东东莞,223.74.163.75,70,1535301011,3,cj,0,1,0,0,5B82D592-DF4AA34B-4A43A742-917-882
13,14,1,euoowoffedk,2018-08-26 22:57:53,罚款少了点，应该至少100亿起步。,重庆万州,101.105.171.33,17,1535295473,15,cj,0,1,0,0,5B82BFF1-6569AB21-17D9B4D8C-917-8A2
14,15,1,呵呵一号2010,2018-08-26 22:16:45,你这是饮鸠止渴啊,山东青岛,124.135.18.237,8,1535293005,2,cj,0,1,0,0,5B82B64D-7C8712ED-3DB59680-917-809
15,16,1,最棒的幺儿,2018-08-26 22:14:47,这么多人命了，还整改个屁呀，不取缔滴滴这个黑车平台不足以平民愤，这绝不会是最后一例，难道过两天又像什么都没发生一样继续赚钱？问题的关键是，这就是一个典型的黑车平台，让黑车合法化，既扰乱了正常的公交秩序，又给犯罪分子提供了作案机会，这种平台本身就应该坚决取缔，还即将准备上市，个个都想上市捞钱，你让这个社会情何以堪。,重庆,183.228.50.171,157,1535292887,20,cj,0,0,0,0,5B82B5D6-B7E432AB-D45D7763-917-85C
16,17,1,呵呵一号2010,2018-08-26 22:09:47,你说的这句话才是真谛，不过与本文的评论无直接关系，都是间接关系，但问题的实质是：取消滴滴就没有犯罪了吗，出租车司机犯罪真正的原因是滴滴吗？没有滴滴的出租车司机就不会犯这样的罪呢？或者说没有弟弟的出租车司机是不是跟有滴滴的出租车司机犯罪相比犯罪率会更高呢？这才是问题的关键，不要一出是就怨滴滴，出事者家属情绪激动是可以理解的，评论里面的很多我个人觉得还是很客观的！打击犯罪，我坚决同意，但是也要保护无辜，不要伤及无辜，与一切犯罪分子作斗争！,山东青岛,124.135.18.237,219,1535292587,1,cj,0,2,0,0,5B82B4AB-7C8712ED-3DB59680-917-86D
17,18,1,手机用户3291171731,2018-08-26 22:09:06,近期一年有吗？,河南郑州,115.57.134.109,7,1535292546,3,cj,0,2,0,0,5B82B482-7339866D-C42B4B93-917-8C6
18,19,1,手机用户3291171731,2018-08-26 22:08:14,你可以去查下，现在网络这样发达，今年有没出租车司机杀人的？出租车的数量和服务比滴滴高吧，但是出事率低于滴滴,河南郑州,115.57.134.109,53,1535292494,1,cj,0,3,0,0,5B82B44E-7339866D-C42B4B93-917-806
19,20,1,微浪金属,2018-08-26 22:04:01,取缔滴滴，社会危害必须予以重罚，处罚10个亿，赔偿受害者1个亿，并建立社会公益基金，后台运营合并警方监控，建立警方监控管理页面，强化从业核准审查扩大到家族审核，有前科病史均封杀禁入；高管职责风控，并入年度审核，凡涉及社会危害均并入舆情及消年金工资等，进入诚信体系。不杀不足以改变，,北京,123.114.42.109,140,1535292241,9,cj,0,0,0,0,5B82B351-7B722A6D-3E91D7D1-917-9BB
20,21,2,盐水棒冰,2018-08-26 21:24:23,那你说有几起？,上海,101.80.155.126,7,1535289863,0,cj,0,4,0,0,5B82AA06-65509B7E-62880C04-917-82E
21,22,2,盐水棒冰,2018-08-26 21:21:27,请拿出出租车和黑车司机每年的刑案发生的数字，不然请不要这么不负责任的说话。将心比心，一个不太恰当的假设：假设被害人是你的家人，你还会这么说吗？,上海,101.80.155.126,71,1535289687,2,cj,0,2,0,0,5B82A957-65509B7E-62880C04-917-8D2
22,23,2,舜山南峰,2018-08-26 21:03:41,滴滴顺风车------已经成为奸杀平台。取消已经成为当务之急！,河南郑州,115.60.142.67,31,1535288621,23,cj,0,0,0,0,5B82A52D-733C8E43-DAE13A25-917-9E4
23,24,2,天下古泉,2018-08-26 21:00:13,还是永远关闭吧,山东烟台,111.37.183.40,7,1535288413,4,cj,0,0,0,0,5B82A45D-6F25B728-A1D334CF-917-856
24,25,2,反弧线1987,2018-08-26 20:50:59,这样的公司该倒闭～,山西太原,1.68.26.112,9,1535287858,4,cj,0,0,1,0,5B82A232-1441A70-A7AA16A7-917-8BC
25,26,2,广阔天地1,2018-08-26 20:47:40,让有担当的企业活下去，让不能担当，屡次出错的出局，就这么简单,山东临沂,112.9.216.191,30,1535287660,2,cj,0,1,0,0,5B82A16C-7009D8BF-166734532-917-89D
26,27,2,2568lgp,2018-08-26 20:06:33,说一千道一万都没用，彻底封杀滴滴，让滴滴倒闭关门才是正道！,山东临沂,221.2.106.18,29,1535285193,4,cj,0,0,0,0,5B8297C9-DD026A12-1701C00D3-917-832
27,28,2,骋尘飞,2018-08-26 20:02:02,这次事件滴滴公司的责任固然不可推卸，但这个女孩的求救对象-----她的朋友也真不咋地，都喊救命了居然不报警，只联系滴滴公司客服，猪队友害死人啊。,河南南阳,182.126.139.86,72,1535284922,6,cj,0,0,0,0,5B8296BA-B67E8B56-609EAFB3-917-85D
28,29,2,陈殷鞋垫,2018-08-26 20:00:47,就事论事：请问哪种行业没有出现过事故？走路都会被发生事故。。。。。。难度要禁止走路？如果要说元凶，那车是最大元凶？车的事故是最多的，难道要禁止开车？人人走路就好了。。。。。。事故和风险每种行业都有的，坐车有车祸，坐飞机也有空难，坐火车也会脱轨，坐公交发生偷窃或者火灾等等。。。。。。事故和风险的话，要从几率来说，每天全国滴滴顺风车这么多人坐，是出租车的几千几万倍，有人说出租车风险低不是睁眼说瞎话吗？从人数看，风险事故几率可以说是相当低的。。。。。。。事故几率可能比走路还要低。。。。。。当然，话说回来，不是说放纵滴滴，滴滴需要担责，滴滴确实要加强管理，进一步做到完善。。。。。。,广东惠州,121.11.191.58,290,1535284847,2,cj,0,0,0,0,5B82966D-790BBF3A-5209DD08-917-8FA
29,30,2,骋尘飞,2018-08-26 19:59:00,应该彻底关闭滴滴公司业务，把出租车行业正规起来，上岗一律要经过严格的培训，和后期的定期培训，最大限度的杜绝惨案的发生。,河南南阳,182.126.139.86,59,1535284740,5,cj,0,0,0,0,5B829603-B67E8B56-609EAFB3-917-918
30,31,2,京口东乡居士,2018-08-26 19:54:42,这个“取消”也可能是司机干的！以混淆视听！,上海,211.161.245.81,21,1535284482,0,cj,0,2,0,0,5B829502-D3A1F551-639C3999-917-96B
31,32,2,十页拉拉,2018-08-26 19:16:48,正解，上次公司完全没受到刑事连带责任，这次再不来点责任，以后他们会继续搞，犯罪成本这么低,江西南昌,182.101.21.108,44,1535282208,6,cj,0,1,0,0,5B828C20-B665156C-183E06B21-917-88B
32,33,2,gellenjialin,2018-08-26 19:02:25,感觉记者和林女士的神补刀，滴滴活该,北京,114.245.203.41,17,1535281345,4,cj,0,0,0,0,5B8288C1-72F5CB29-A0141179-917-88D
33,34,2,御兰亭,2018-08-26 18:48:15,说一千道一万都没用，彻底封杀滴滴，让滴滴倒闭关门才是正道！,云南昆明,14.204.127.132,29,1535280495,17,cj,0,0,0,0,5B82856F-ECC7F84-9A53415C-917-832
34,35,2,chenyb7749,2018-08-26 18:28:04,可以制定法律,上海,180.159.225.164,6,1535279284,4,cj,0,2,0,0,5B8280B4-B49FE1A4-4EFDF1AD-917-88F
35,36,2,chenyb7749,2018-08-26 18:26:45,管理公司？有能力吗？,上海,180.159.225.164,10,1535279205,5,cj,0,0,0,0,5B828065-B49FE1A4-4EFDF1AD-917-930
36,37,2,温侯无双,2018-08-26 18:14:27,血滴子,辽宁沈阳,59.44.40.224,3,1535278467,3,cj,0,0,0,0,5B827D83-3B2C28E0-709A9C5D-917-8DA
37,38,2,山水就是海,2018-08-26 18:12:28,i死者竟然取消顺风车还上车  这是教训啊,四川成都,171.221.144.136,20,1535278348,1,cj,0,1,0,0,5B827D0B-ABDD9088-E50882C7-917-8C5
38,39,2,猴赛雷_58289,2018-08-26 18:09:13,水军你妈装什么傻，分清避免和不可避免是唯一的标准，这次温州女孩的死本来可以避免，滴滴要承担刑事责任,福建,112.5.242.243,49,1535278153,1,cj,0,1,0,0,5B827C48-7005F2F3-15CF5C162-917-9D1
39,40,2,猴赛雷_58289,2018-08-26 18:03:37,跳楼是自己想不开，滴滴是犯罪，只要拉黑人查就可避免,福建,112.5.242.243,25,1535277817,2,cj,0,1,0,0,5B827AF9-7005F2F3-15CF5C162-917-889
40,41,3,maksss12,2018-08-26 17:53:08,一个企业是难以也不应该承担社会治安的重担,陕西西安,1.81.103.21,20,1535277188,4,cj,0,0,0,0,5B827882-1516715-7DBA9D87-917-8E3
41,42,3,用户2529742354,2018-08-26 17:46:39,学美国永远学个四不像,北京,114.243.159.193,10,1535276799,5,cj,0,0,0,0,5B827700-72F39FC1-18A1DACD3-917-83B
42,43,3,lwh50645,2018-08-26 17:20:29,一帮人出了事瞎起哄，看热闹不嫌事大，人性都这样，你要是滴滴你怎么管，企业员工杀了人企业就得破产咯，那富士康那么多跳楼郭台铭是不是要几百次了,湖北武汉,183.95.48.46,69,1535275228,10,cj,0,0,0,0,5B8270DC-B75F302E-133E41997-917-83E
43,44,3,股播,2018-08-26 17:07:49,立即取缔。,河南许昌,223.90.199.62,5,1535274469,1,cj,0,1,0,0,5B826DE5-DF5AC73E-A16FFEC3-917-86C
44,45,3,暗思想,2018-08-26 17:06:00,顺风车，和网约车本身都是非法的。都应该取消。前面违法的都应该重罚，赔偿守法的出租车企业损失。等法律完善了，再试点运营，并要做好和原有出租车公司的协调。保护守法出租车企业的利益。,上海,223.166.78.12,88,1535274360,3,cj,0,0,0,0,5B826D78-DFA64E0C-15826CFAE-917-9B3
45,46,3,3dddd_28038,2018-08-26 16:59:40,应该按用户数潜在的损害来赔偿！,贵州,117.188.25.114,15,1535273980,1,cj,0,0,0,0,5B826BFC-75BC1972-14C372838-917-92F
46,47,3,用户6172265234,2018-08-26 16:51:51,推责是流氓们惨案之后惯用的手段之一。,湖南邵阳,36.157.75.203,18,1535273511,5,cj,0,0,0,0,5B826A26-249D4BCB-16FE54B12-917-83C
47,48,3,bj5v,2018-08-26 16:48:33,让嘀嘀的老总承担刑责于法无据，但是惩罚性赔款是应该有的，也是世界通行的做法——只是，以我们一向对资本宠爱有加的政策来说，基本上这种想法也是不现实的。,北京,123.125.153.84,74,1535273313,13,cj,0,1,0,0,5B826960-7B7D9954-170E235FC-917-8F5
48,49,3,山喜鹊燕八虎和蒙哥,2018-08-26 16:23:40,罚款啊，2千万起，看滴滴管不管。,广东广州,113.108.133.50,16,1535271820,0,cj,0,0,0,0,5B82638B-716C8532-4D181EEF-917-88E
49,50,3,炎黄子民曰,2018-08-26 16:18:17,美丽的小女孩啊，请你们留点神，长点心，年轻的生命就这样陨落了，真是可惜啊，悲痛啊。 但谁又能具备孙悟空的火眼金睛啊，就是具备了，不是还有唐僧从中作梗呢吗，什么时候能够实现邪不压正啊？让悲剧不再上演，人人有责！,辽宁沈阳,101.246.184.153,104,1535271497,5,cj,0,0,0,0,5B826249-65F6B899-A65A4993-917-856
50,51,3,十字架上的马里奥,2018-08-26 16:10:10,滴滴应该承担巨额的赔偿责任。但也不要无限上纲。与其把犯罪全部归咎于滴滴，还不如思考一下，两起命案中为什么两个不到三十的男性凶犯会犯案。某些行业有控制地适当合法化，给荷尔蒙一个出口，可以有效地降低这种不计后果的见色起意型的犯罪。,浙江杭州,115.197.141.37,113,1535271010,3,cj,0,0,0,0,5B826062-73C58D25-53ACE617-917-8AC
51,52,3,秋叶随风飘荡,2018-08-26 16:01:47,乱说，出了事一样的得处罚判刑。,重庆,106.84.139.92,15,1535270507,0,cj,0,1,0,0,5B825E6A-6A548B5C-70B7B17A-917-879
52,53,3,用户6515439432,2018-08-26 15:51:33,滴滴公司唯利是图，不顾社会责任，有关部门应该对其严查、严惩！！,浙江嘉兴,61.153.225.94,31,1535269893,9,cj,0,0,0,0,5B825C05-3D99E15E-18459B748-917-8A9
53,54,3,飞翔-Stuart,2018-08-26 15:50:22,以后有出租司机制造血案（好像也不少），也请取缔出租行业，谢谢！,江苏南通,112.0.186.142,31,1535269822,2,cj,0,0,0,0,5B825BBD-7000BA8E-9AC2B855-917-847
54,55,3,black_11998,2018-08-26 15:36:11,弱弱问一下，如果罪犯用刀杀人，是否要禁止一切刀的生产和销售？,湖北武汉,119.36.54.8,30,1535268971,6,cj,0,0,0,0,5B82586C-77243608-150790279-917-79E
55,56,3,微博网友_99947702,2018-08-26 15:16:19,因为滴滴根本没有对前一天的投诉作出任何调查和处理，导致了第2天的受害人死亡的后果，这是明显的公司责任，不要洗地了，大家指责滴滴不是因为凶手是滴滴司机，而是因为滴滴没有尽自己的管理义务，当然，好像滴滴根本不认为自己有管理义务，它认为司机是“客户”呢，所以要保护“客户”的隐私信息，要是警察去出租车公司要司机的信息，去公交公司要司机的信息，会遇到滴滴这么傲慢的答复么，别的交通企业都是承运人，对乘客有安全保障义务，司机是他们的下属员工，司机的罪行就是公司的管理问题，公司要承担责任，但滴滴认为顺风车司机根本是自己的客户啊，人家不认为自己有责任约束管理司机，这性质就根本不一样了，风险也根本不一样了,北京,114.249.58.40,296,1535267779,5,cj,0,1,0,0,5B8253C2-72F93A28-418FDEB6-917-8B8
56,57,3,用户3628332767,2018-08-26 14:37:36,抄没凶手全部家产，杀掉凶手，。,山西太原,171.120.71.8,15,1535265456,3,cj,0,0,0,0,5B824AB1-AB784708-D843F6DF-917-944
57,58,3,行者--阿勇哥,2018-08-26 14:27:24,为什么滴滴这种网约车--不受法律制裁和制约！！属于法外中国企业？非常震惊！法律到达不了的范围！[衰],浙江杭州,115.199.147.78,50,1535264844,14,cj,0,0,0,0,5B82484C-73C7934E-54673C81-917-89E
58,59,3,漫步天下9658,2018-08-26 14:21:19,打击犯罪的重拳变轻拳的结果。,内蒙古呼和浩特,36.102.234.24,14,1535264479,7,cj,0,0,0,0,5B8246DF-2466EA18-15D23B99D-917-91F
59,60,3,奥爸_吗,2018-08-26 14:17:25,不否认滴滴出事，自身有问题，但是犯罪都有一个概率，也就是说，不管什么职业，什么岗位，只要人数达到一定基数，就一定会有一定的机率出现一些害群之马，在校学生一年也能犯不少事呢，大家拿出数据来说话，如果全国所有出租车司机的犯案率和恶性案件率都低于滴滴，那滴滴关门吧，如果反过来，是不是全国的出租车公司全部关门！,安徽淮南,114.101.172.85,152,1535264245,45,cj,0,2,0,0,5B8245F5-7265AC55-98F8D057-917-7DF
60,61,4,用户5659583440,2018-08-26 14:13:19,高速公路，就是一个类似滴滴的“平台”！高速公路上车祸死人，难道要废除高速公路（公司、业务）？,浙江杭州,115.199.146.162,46,1535263999,1,cj,0,0,0,0,5B8244FF-73C792A2-1515663D0-917-836
61,62,4,用户5659583440,2018-08-26 14:11:30,平台约车，至少可以给公安提供双方信息！！—— 其他的出租车、黄鱼车，能做到吗？出租车，就没有杀人案件了吗？两害相权取其轻，我们不能因噎废食！网约顺风车，还是“利远远大于弊”的！对谁都有好处的！不足之处，我们慢慢整改就行了。话说另一面，我要对那些要“多生孩子”的反计们说句话：犯事的滴滴司机，就是“多”生的！！,浙江杭州,115.199.146.162,154,1535263889,1,cj,0,0,0,0,5B824491-73C792A2-1515663D0-917-900
62,63,4,zx_haifeisi,2018-08-26 14:10:42,对头，不能因噎废食！这种网约车是值得肯定的。要加强的应该是——运营公司、司机、车辆的审核、监管，特别是日常行为管理、资格审核、车辆监管等等。然运营公司能真正负起责任、承担期责任！,四川成都,171.223.95.174,89,1535263842,3,cj,0,3,0,0,5B824461-ABDF5FAE-E7069386-917-8E5
63,64,4,plh145,2018-08-26 14:10:23,一切高科技的产品和报务都要服从于人类文明和进步，没有这个标准审核就不能推向市场！,浙江嘉兴,112.11.16.34,40,1535263823,3,cj,0,0,0,0,5B82444F-700B1022-15CDE3B4A-917-8F5
64,65,4,用户6003135103,2018-08-26 14:08:37,14亿多的人口啊， 顺风车模式是可以的， 因为在欧美日等发达国家，顺风车模式早在上世纪就流行，一般都是顺路，哪里会收钱？  14亿人口里面发生两起，这强奸罪在中国完全屡见不鲜，14亿人口里面，天天发生几百起完全是正常范围，  天天发生几百起命案也是正常范围， 大家要看清楚，14亿人口啊。,福建泉州,110.81.23.67,144,1535263717,1,cj,0,0,0,0,5B8243E5-6E511743-165D0927F-917-91C
65,66,4,爷爷奶奶个熊_622,2018-08-26 14:02:24,app加个一键报警很难吗，车号和定位都有，一些企业就是不见棺材不掉泪,广东珠海,119.132.56.218,34,1535263344,4,cj,0,0,0,0,5B824270-778438DA-BAD2FDC1-917-82C
66,67,4,酒杯199212,2018-08-26 14:00:21,十年两起也是有，更何况远不止两起。你是开出租车的吧,北京,221.222.54.127,25,1535263221,1,cj,0,3,0,0,5B8241F5-DDDE367F-174F3197B-917-832
67,68,4,金兰_90634,2018-08-26 13:57:12,所有驾驶员公安先审核,上海,58.34.16.173,10,1535263032,0,cj,0,0,0,0,5B824138-3A2210AD-16AD6973C-917-853
68,69,4,金兰_90634,2018-08-26 13:56:12,还不停业整顿？杀人公司,上海,58.34.16.173,11,1535262972,0,cj,0,0,0,0,5B8240FC-3A2210AD-16AD6973C-917-7E0
69,70,4,colinywz,2018-08-26 13:43:15,滴滴的确有错，但人不是滴滴杀的，不能上纲上线，全国那么多网约车司机，出几个败类也是正常的，这次媒体把矛头完全指向滴滴是有问题的，因为出租车司机公交车司机甚至民警杀人的案件在全国也不是没有，难道出租车公司公交公司公安局全部要承担责任？这次山东寿光水灾死那么多人，为什么把舆论全放在一个滴滴车杀人案件上？,上海,139.226.16.77,150,1535262195,10,cj,0,0,0,0,5B823DF4-8BE2104D-54F27CC5-917-85D
70,71,4,用户185****5641,2018-08-26 13:38:19,又一司机遇难！成都滴滴司机失联2个月后在一水渠被找到,重庆,123.145.86.167,26,1535261899,0,cj,0,0,2,0,5B823CCB-7B9156A7-5901B008BA9493F5-917-880
71,72,4,用户6568686520,2018-08-26 13:37:32,无法无天了，滴滴管理太垃圾,吉林,223.104.16.104,13,1535261852,6,cj,0,0,0,0,5B823C9C-DF681068-1878633B8-917-8BD
72,73,4,用户d52hucx9s7,2018-08-26 13:35:52,应该给与滴滴打车以重罚,湖南衡阳,36.157.238.80,11,1535261752,2,cj,0,0,0,0,5B823C38-249DEE50-12D0C7DAD-917-8A2
73,74,4,用户6568686520,2018-08-26 13:34:42,管理不严，这种悲剧还会有,吉林,223.104.16.104,12,1535261682,4,cj,0,0,0,0,5B823BF3-DF681068-1878633B8-917-955
74,75,4,及时雨创业社,2018-08-26 13:28:01,1、首先，尽快在客服部门成立一个危机事件处理部门，专门处理这种人身安全问题，该处客服人员经过特殊培训，转接后能根据流程比普通客服更迅捷的区分恶作剧还是可能有风险存在；这个部门是不能外包，以保障人员素质。（毕竟这种恶性事情发生概率也低，并不需要养很多人） 2、接到报警，后台查看司机过往品行如何，是否有此类被投诉，有的话则风险等级提高，处理等待立即向前排序；这些内网信息（如顾客年龄、相貌、司机被投诉次数等）通过一定机制即可判断事态是否严重，举例说，司机是年轻男子，女乘客又漂亮，行驶地段又偏僻，那么客服接警后恶性结果概率就会大概率发生。天天吹人工智能，这难道不就是该大显身手的场合吗？ 3、通过软件设置同时询问司机和乘客，限定时间内未回复则再次询问，每次询问间隔缩短；如果规定时间内未回复，说明危机等级又上升了；接下来电话同时致电司机和乘客，必要时让顾客提供自拍视频，避免已被挟制的可能性；（这等于告诉司机，滴滴公司已经关注他了，尽量打消犯罪念头） 4、如果双方电话均无法打通，进一步提高危机等级，尽快与当地警方联系，提供手机号、车牌号、车型等，之前及目前的GPS定位（警方其实也可以根据手机信号与电信部门合作侦测到大致区域范围），如果GPS定位不动了，说明犯罪可能正在进行，这样也许能赶在犯罪恶果出现前制止住。同样机制也可以用来保护司机。  设计风险应对流程的目的不是寄望彻底解决问题，而是将风险值一级级尽量降低到最小，同时将反应速度一步步提高到极限。,上海,61.172.212.166,627,1535261281,5,cj,0,0,0,0,5B823A5F-3DACD4A6-EE3688E5-917-8C6
75,76,4,朋友是后天的兄弟,2018-08-26 13:27:18,有的士和专车，还要滴滴做什么？,湖北武汉,59.172.172.222,15,1535261238,5,cj,0,0,0,0,5B823A35-3BACACDE-56D4B57B-917-951
76,77,4,2121南风,2018-08-26 13:23:06,出现问题就喊打喊杀，何其无知。不可否认，滴滴网约车无论从舒适快捷还是服务态度都要远远高于出租车。出租车司机就不犯罪？别的交通工具就没有刑事案件？干嘛啊?网约车不就是挡了一些人的财路么？家属的愤怒完全合理，滴滴承担责任完全合理，至于说滴滴就是犯罪平台，滴滴应该取缔这些都特么是无稽之谈。现在的出租行业从业者有几个讲职业道德的？公交车司机有几个态度好的？别的地方有没有不知道，至少大连没有！出租车疲劳驾驶致死行人的案例还少吗？公交司机和乘客大打出手的还少吗？为什么没有取缔出租车、公交车的言论出来呢？事物都有其两面性，滴滴客服有失误的地方，司机是个变态他的家人有没有责任？社会有没有责任？飞机机长吸烟导致机舱内缺氧的事有没有？为什么没有抨击航空公司，抨击民航的言论？无他，因为网约车是新兴事物，网约车是众矢之的，网约车动了别人的盘子，网约车方便了老百姓。最有一点最关键，就因为老百姓享受到了其他交通工具给不了的舒适快捷，所以网约车该死。凭什么你让老百姓乘车体验提升？凭什么你让老百姓享受好的服务？罪该万死！真特么讽刺！,辽宁大连,175.163.233.231,457,1535260986,7,cj,0,0,0,0,5B82393A-AFA3E9E7-186748CDA-917-918
77,78,4,大节千秋_riz,2018-08-26 13:21:09,出租车发生恶意杀害乘客的事故少很多！你这是在狡辩！,广东阳江,113.101.192.107,25,1535260869,5,cj,0,2,0,0,5B8238C5-7165C06B-4CA25FE1-917-90D
78,79,4,用户139****4813,2018-08-26 13:19:18,要刺激活够了可以找滴滴杀人 你值得拥有,上海,114.94.224.183,19,1535260757,2,cj,0,0,2,0,5B823855-725EE0B7-592680AF231702CF-917-7D3
79,80,4,宙哲188,2018-08-26 13:10:49,一切向钱看才是犯罪平台。,山西太原,183.200.4.14,12,1535260249,48,cj,0,1,0,0,5B823659-B7C8040E-55FD9B54-917-94C
80,81,5,F1的飞翔,2018-08-26 13:06:06,建议滴滴顺风车只对男性乘客服务，或者取消40岁一下女性乘顺风车,上海,116.225.115.238,31,1535259966,0,cj,0,0,0,0,5B82353D-74E173EE-808B06AE-917-850
81,82,5,珠穆拉玛羊,2018-08-26 12:40:23,个人认为 顺风车该取缔！,江西九江,117.40.170.86,12,1535258423,6,cj,0,1,0,0,5B822F37-7528AA56-58DDF5C8-917-88D
82,83,5,潜心看世界,2018-08-26 12:25:10,变着法儿的捞钱，给罪犯提供平台。,北京,221.221.190.208,16,1535257510,10,cj,0,0,0,0,5B822BA6-DDDDBED0-56ABABFD-917-891
83,84,5,重五是端阳,2018-08-26 12:22:22,十分简单的一件事情。就是软加里面加一个报警程序。他们就是舍不得加。法院应该来一次惩罚性处罚，让这个冷酷无情，毫无人性的公司赔偿受害者10亿元，他们就知道该怎么办了！,安徽蚌埠,223.242.102.206,82,1535257342,13,cj,0,0,0,0,5B822AFE-DFF266CE-3E6D00BC-917-92D
84,85,5,用户5967723432,2018-08-26 12:22:20,生于忧患，死于安乐。警钟长鸣。,江苏南京,36.149.130.78,15,1535257340,1,cj,0,0,0,0,5B822AFB-2495824E-163B43BA8-917-8EA
85,86,5,夺命哥_duu_5l6,2018-08-26 12:21:56,罚的不够重，一亿一次看他们重视不重视,浙江宁波,123.152.169.1,18,1535257316,3,cj,0,0,0,0,5B822AE4-7B98A901-565A48A7-917-85C
86,87,5,roah1545,2018-08-26 12:20:44,没事，我估计不出一个星期，滴滴就能让这个时间从所有新闻和论坛中消失。上次的空姐事件不就是这样？！,广东深圳,113.118.227.46,48,1535257244,3,cj,0,0,0,0,5B822A9B-7176E32E-67AA75F0-917-88F
87,88,5,华丽转身秀,2018-08-26 12:18:23,工商局去哪里了？为什么还不关闭顺风车？！！！,北京,119.90.83.237,22,1535257103,3,cj,0,0,0,0,5B822A0F-775A53ED-EB63FB30-917-877
88,89,5,青藏高原的空间_ttd,2018-08-26 12:11:48,什么行业都有不法之徒，走路都可能遇到只是怎么去管理的问题，应该来一次严打了，中国的教育观念有问题,四川南充,171.213.123.175,48,1535256708,0,cj,0,0,0,0,5B822883-ABD57BAF-43B7F143-917-8F9
89,90,5,喜欢大千,2018-08-26 12:10:20,赔款罚款必千万以上，否则不能引起商家重视。,北京,219.143.94.155,21,1535256620,0,cj,0,0,0,0,5B82282B-DB8F5E9B-649CB541-917-93A
90,91,5,nxzhm1205,2018-08-26 12:00:28,"昨天带儿子搭车,想了想还是打了神州自营",福建泉州,223.104.45.65,19,1535256028,0,cj,0,0,0,0,5B8225DC-DF682D41-3E15B27C-917-867
91,92,5,GunnyMei,2018-08-26 11:42:22,空姐出事后，滴滴竟然没有优化他的时间处理能力，不把人命当回事啊，才刚刚过去三个月啊，建议这次从重处罚滴滴，把滴滴往死里整的举个手，点个赞！,海南儋州,112.66.27.255,69,1535254942,25,cj,0,0,0,0,5B82219D-70421BFF-D8F8A897-917-857
92,93,5,吴生29990,2018-08-26 11:35:31,建议大力发展公交事业，村村通公交是对的。,广东广州,120.230.85.177,20,1535254531,9,cj,0,0,0,0,5B822002-78E655B1-147857256-917-7FC
93,94,5,用户6374397619,2018-08-26 11:32:24,请问就算整垮这家公司，能够阻止犯罪吗？请统计一下每年出租车司机，黑车司机的刑事案件和侦破难度，滴滴曹操之类无疑是先进生产力要素，说话要负责任。司机犯罪公司老总承担刑事责任，多亏你不是法官或者人大法律委员会委员。,菲律宾,130.105.105.48,105,1535254344,55,cj,0,1,0,0,5B821F48-82696930-17BF196B3-917-935
94,95,5,李文良1444296381,2018-08-26 11:31:33,滴滴应该让本地人当司机，外地人参差不齐，难管理，再过五年，各地收入水平接近后再放开,云南昆明,117.75.64.217,41,1535254292,1,cj,0,0,0,0,5B821F15-754B40D9-561636BD-917-9A2
95,96,5,金牛座欣宜,2018-08-26 11:30:08,强烈建议关闭滴滴平台！！！！！！,湖北武汉,27.18.218.228,16,1535254208,9,cj,0,0,0,0,5B821EC0-1B12DAE4-1859AE072-917-8C1
96,97,5,地獄迗使Are,2018-08-26 11:29:30,让它趁早关门大吉，别再害人了,新疆乌鲁木齐,222.82.83.154,14,1535254170,11,cj,0,0,0,0,5B821E9A-DE52539A-753C0D48-917-8B2
97,98,5,_徐彬_,2018-08-26 11:28:14,应该停业整顿！约束疯狂的扩张，野蛮的发展！,江西南昌,182.101.55.18,21,1535254094,8,cj,0,0,0,0,5B821E4E-B6653712-466D68BA-917-8D7
98,99,5,用户6374397619,2018-08-26 11:28:10,请问，就算搞垮这个公司，能杜绝犯罪吗？,菲律宾,130.105.105.48,19,1535254090,1,cj,0,1,0,0,5B821E4A-82696930-17BF196B3-917-7C7
99,100,5,四川繁星,2018-08-26 11:27:44,滴滴是企业，监管部门呢？应该停业进行安全监管整改。,四川广元,119.5.213.189,25,1535254064,5,cj,0,0,0,0,5B821E2F-7705D5BD-50C75074-917-7D6
100,101,6,海艺灵,2018-08-26 11:26:52,这是最起码的，但客服根本没把这事看得很严重,重庆,106.86.173.249,21,1535254012,4,cj,0,1,0,0,5B821DFC-6A56ADF9-3F670BBD-917-7CF
101,102,6,用户6374397619,2018-08-26 11:26:52,就是一起刑事案件，并不可过度解读，希望警方统计公布一下多年以来出租车司机，黑车司机杀人案的数量，显示滴滴方式的先进性，现在滴滴一类公司的运行方式至少能够在短时间内锁定当事人，从各方面来讲是一种更先进的社会生产力要素。,菲律宾,130.105.105.48,108,1535254012,3,cj,0,0,0,0,5B821DFB-82696930-17BF196B3-917-771
102,103,6,牛仍未老,2018-08-26 11:21:46,同意文章观点，滴滴打车一出现，我就严禁女儿使用，要她尽可能坐公交，如果必须打车，要找传统的的士，为啥？基因和人性，我从来不相信男人在性问题上有什么道德，只有制约和隔离才生效，性犯罪有一半是机会性（或条件性）犯罪，也就是说，如果没有条件，那些男人可能终生都不会触发犯罪，但当一男一女同处一个狭窄空间，而这个空间又完全由男的掌控，特别是女的又年青漂亮，这就是触发条件，到了这时你还相信道德约束啥的话，你尽管让你女儿去试试。所以从这个角度看，滴滴打车这种东西是根本不应该存在的,广西南宁,182.90.218.33,235,1535253706,134,cj,0,0,0,0,5B821CCA-B65ADA21-3BB3C6F9-917-939
103,104,6,独孤奇怪,2018-08-26 11:15:31,那么你给我说说，传统出租车哪年哪月哪日，在某地，由某某司机对某某乘客实行了奸杀？说不出来你就是在网络造谣，是要承担责任的！,天津,125.37.113.77,61,1535253331,3,cj,0,1,0,0,5B821B53-7D25714D-55D7977E-917-954
104,105,6,cases2338515023,2018-08-26 11:08:38,罚50亿 让它不把人命当命，滴滴高层烨不敢坐自家顺风车。,广东深圳,115.44.219.211,28,1535252918,12,cj,0,3,0,0,5B8219B6-732CDBD3-8B62E84F-917-840
105,106,6,独孤奇怪,2018-08-26 11:08:01,没用！根本不可能！你太不了解滴滴黑车平台这样的企业了！他们根本不愿意雇佣大量的客服，客服就是用来敷衍你的。说穿了人家指望以后AI取代客服，自己只要掏电费就可以永远当富人了。,天津,125.37.113.77,86,1535252881,1,cj,0,1,0,0,5B821991-7D25714D-55D7977E-917-86F
106,107,6,独孤奇怪,2018-08-26 11:06:17,在国外肯定是这么判罚的，UBER也死过人最终被判赔偿家属几千万美元。,天津,125.37.113.77,34,1535252777,101,cj,0,1,0,0,5B821929-7D25714D-55D7977E-917-8B8
107,108,6,独孤奇怪,2018-08-26 11:04:50,按照你的逻辑干脆取消所有法律法规吧，反正会电死人的，反正汽车会撞死人的，反正有人会跳楼的，谁的责任无所谓了，以后继续电，继续撞，继续跳？出租车怎么管理失控了？你给我举个例子呗，哪年哪月哪日，某某出租车司机奸杀了某某人？,天津,125.37.113.77,109,1535252690,7,cj,0,3,0,0,5B8218D2-7D25714D-55D7977E-917-897
108,109,6,Aping的空间,2018-08-26 11:01:52,滴滴下架！！！,澳大利亚,202.125.25.113,7,1535252511,8,cj,0,0,0,0,5B82181F-CA7D1971-4E9956AD-917-91E
109,110,6,独孤奇怪,2018-08-26 11:01:04,中国出租车几十年历史上就两起，第一起是套牌出租车，第二起是借别人的车干的。,天津,125.37.113.77,37,1535252464,9,cj,0,2,0,0,5B8217F0-7D25714D-55D7977E-917-948
110,111,6,独孤奇怪,2018-08-26 10:59:24,制度和技术完全可以起到规避犯罪的效果，但是需要付出的代价是大量的金钱！滴滴黑车平台第一没有遵守制度，制度明确规定不允许给黑车派单，而滴滴派单的车辆90%以上都是黑车！第二滴滴不愿意为乘客的生命财产付出更多的金钱去雇佣客服。以上两点足以证明不是什么人心叵测导致的悲剧，而是完全由滴滴这种黑心资本组织非法营运酿成的悲剧！,天津,125.37.113.77,158,1535252364,2,cj,0,0,0,0,5B82178C-7D25714D-55D7977E-917-955
111,112,6,少墨1635,2018-08-26 10:39:53,一个新兴行业的出现，从市场管理上我们已经输了，因为我们的责任部门往往反应迟钝，这种迟钝是老爷作风的延续，若不出现了火烧眉毛的事，部门不会主动启动管理活动，职能转变还不够深入，营造经营环境不是嘴上说说就能实现的。,江苏苏州,112.3.198.152,105,1535251193,2,cj,0,0,0,0,5B8212F9-7003C698-4E012DBA-917-842
112,113,6,minaikim,2018-08-26 10:36:45,支持取缔滴滴这样的犯罪平台,新疆乌鲁木齐,124.117.153.225,13,1535251005,1,cj,0,0,0,0,5B82123D-7C7599E1-47930469-917-8C2
113,114,6,人生即管理,2018-08-26 10:30:20,连道歉都是派出一个小喽喽，公司的高层都看不见，可见这家公司之冷血，价值观之扭曲！！！为什么参加互联网大会、参加各种论坛时企业的老大那么精神？现在缩到哪去了？连出来给被害人的家属鞠躬致歉的勇气都没有了吗？,北京,123.116.204.111,101,1535250620,2,cj,0,0,0,0,5B8210BC-7B74CC6F-17B4941FB-917-91C
114,115,6,qqqmecn,2018-08-26 10:30:16,取消这种违法经营的所谓杀人滴滴和顺风车之类的经营权，,广西梧州,182.90.5.172,26,1535250616,1,cj,0,0,0,0,5B8210B8-B65A05AC-44650A1F-917-804
115,116,6,rzrs520,2018-08-26 10:25:37,驱逐“滴滴”出中国！,北京,114.249.57.97,10,1535250337,20,cj,0,0,0,0,5B820FA1-72F93961-74352F9E-917-827
116,117,6,福禄太子,2018-08-26 10:20:06,问问受害者周边的女人，还敢不敢一个人叫滴滴？滴滴就不该生存，现在已经是鸦片中毒，产业链形成了，后果出来了，相关利益方管理者开绿灯者难看了，出租车是有部分不规范，但是也没有烂这这份上，这个行业就不是老鼠屎的问题了。,上海,223.104.210.115,106,1535250006,20,cj,0,0,0,0,5B820E55-DF68D273-68E7F065-917-876
117,118,6,ZY公民,2018-08-26 10:18:47,滴滴公司必须全网公布滴滴司机的车型、车号、及姓名。接受全社会的监督。,北京,59.109.104.161,34,1535249927,21,cj,0,0,0,0,5B820E07-3B6D68A1-8C30DA0F-917-8AA
118,119,6,放开一切97697,2018-08-26 10:13:53,一个公众公司，盈利性的公司，不能什么人只要有一台车就能加入，必须对司机身份严格审理，必须对乘客安慰负责，这件事是的处理，可以按照美国的处理方式，对平台处以重罚，已经涉及到生命了，发个几十亿，都不过分，享受了资源，必须有义务，没有法律空子擦边球，不管什么人，什么背景，必须一视同人，建议受害者家属，法院打官司，控告平台公司，，，，，,湖北武汉,27.17.252.45,165,1535249633,10,cj,0,1,0,0,5B820CE0-1B11FC2D-13B559EFC-917-86D
119,120,6,用户6575379619,2018-08-26 10:12:53,取消滴滴是因噎废食。滴滴还能通过手机号找到司机，出租车管理更是失控。如果触电死亡取消发电站，汽车撞死人了，取消汽车厂，有人跳楼了，把楼拆了？,浙江杭州,124.90.168.155,70,1535249573,68,cj,0,2,0,0,5B820CA5-7C5AA89B-187EC54A3-917-924
120,121,7,山西老虎007,2018-08-26 10:10:36,滴滴不好好干，势必连累大量的司机,广东珠海,120.239.197.174,16,1535249436,5,cj,0,0,0,0,5B820C1C-78EFC5AE-83BBAF37-917-8EB
121,122,7,放开一切97697,2018-08-26 10:08:47,3倍的人身伤害赔偿与相应的法律责任，对于滴滴这样的独角兽企业来说      就是钻法律空子，打政策擦边球，应该借鉴美国惩罚制度，发个几十亿，不为过，,湖北武汉,27.17.252.45,74,1535249327,24,cj,0,0,0,0,5B820BAE-1B11FC2D-13B559EFC-917-92F
122,123,7,divining_bo,2018-08-26 10:08:39,如果滴滴的人再第一次接到询问的时候，给滴滴司机打个电话，警示下滴滴司机，是不是这个人会不会就没事了？,北京,119.90.82.166,50,1535249319,23,cj,0,0,0,0,5B820BA8-775A52A6-54127BEB-917-7E7
123,124,7,江湖人称蒋小白,2018-08-26 10:07:37,带着血的馒头吃着就这么香吗，滴滴？不怕哪天报应,安徽芜湖,36.63.177.137,23,1535249257,9,cj,0,0,0,0,5B820B69-243FB189-C0A2C847-917-8C2
124,125,7,用户6018918203,2018-08-26 10:02:34,问题是打滴滴的人多数是女性，而开滴滴的司机多数是男性,广西贵港,171.111.201.79,26,1535248954,3,cj,0,1,0,0,5B820A39-AB6FC94F-166C1673B-917-8A6
125,126,7,千古幽人_81321,2018-08-26 10:00:10,现在很多滴滴司机跑车都是有目的的，很多的目的只有一个：猎艳！,内蒙古呼和浩特,1.31.114.223,30,1535248810,114,cj,0,0,0,0,5B8209A9-11F72DF-14DFFD2F6-917-8BF
126,127,7,张良借箸灬,2018-08-26 09:47:41,你们有时间买水军，为何不提高服务质量，垄断罪恶！关闭滴滴，人人有责！,北京,111.193.4.67,34,1535248061,37,cj,0,2,0,0,5B8206BD-6FC10443-70B2C57B-917-8D0
127,128,7,走过路过有深度,2018-08-26 09:43:52,不是说美国好，但在美国发生这样的悲剧，估计滴滴公司会被罚到破产！,上海,114.84.51.227,32,1535247832,6,cj,0,0,0,0,5B8205D8-725433E3-15CABE865-917-9BA
128,129,7,用户4278825600,2018-08-26 09:43:20,应该用处理长生生物的办法严惩！,浙江杭州,36.23.84.119,15,1535247799,2,cj,0,0,0,0,5B8205B8-24175477-14982C868-917-8F0
129,130,7,诗书棋酒,2018-08-26 09:39:35,必须严惩，必需严格监管！,河北沧州,221.195.39.172,12,1535247575,75,cj,0,0,0,0,5B8204D8-DDC327AC-16690FEBD-917-901
130,131,7,粗茶淡饭111,2018-08-26 09:31:48,再不严惩，滴滴就是个犯罪平台！,湖北武汉,27.18.219.24,15,1535247108,537,cj,0,0,0,0,5B820303-1B12DB18-53FB33CB-917-8C7
131,132,7,Escante_Tony_482,2018-08-26 09:25:51,除了完善入门规则，滴滴应该开辟一条安全专线电话，这条电话不适用于加急标红的愚蠢规则，与警方保持联络并只向警方提供该车所在信息。其实滴滴和共享单车都没有错，错在一是规则不健全，二是中国平均素质水平低，太超前了,北京,114.245.149.16,103,1535246751,13,cj,0,0,0,0,5B82019F-72F59510-A149D1FD-917-8D3
132,133,7,老是往前走的小黑马,2018-08-26 09:16:48,这应该只是出租行业成长过程中必然会出现的安全问题。犯不着对这个行业大加责伐。只是滴滴在聘用人员的环节还需提高审核标准及加大审核力度！！！过去几十年当中，传统出租车行业也发生过不少安全事例，大家也没说是出租车行业要不得吧！,江西赣州,59.55.43.8,110,1535246208,4,cj,0,0,0,0,5B81FF7F-3B372B08-3BAA68B6-917-8B7
133,134,7,yangmingxp,2018-08-26 09:16:09,"这种汽车绑架杀人，和美国人拥有枪支一样，当一个人变坏时，他的犯罪手段、能力都得以提升，如果一个人没有枪，那么他只能短距离攻击别人，有时候还必需力气比别人大，遇到一个格斗高手不能得逞，而有了枪之后，罪犯远距离就能攻击别人，致人于死地。
车和枪也是一样，车让一个人能把另外一个人从闹市绑架到郊外。",浙江杭州,125.122.247.132,146,1535246169,1,cj,0,0,0,0,5B81FF59-7D7AF784-BD288872-917-8C0
134,135,7,水瓶座的咸鱼翻身,2018-08-26 09:09:54,滴滴是某个人的奶酪吧，不然早就取消了，在中国，邪真的能胜正！,辽宁大连,116.3.111.180,30,1535245794,23,cj,0,0,0,0,5B81FDE2-74036FB4-1737F3EED-917-843
135,136,7,东风烈1,2018-08-26 09:08:48,监管不严，罪责难逃！,山东潍坊,221.1.105.204,10,1535245728,21,cj,0,0,0,0,5B81FDA0-DD0169CC-62A58195-917-878
136,137,7,用户186****4873,2018-08-26 09:08:15,建议配置专职人工客服专员，专门处理报警等紧急事件。,北京,114.240.91.179,25,1535245695,3,cj,0,0,2,0,5B81FD7F-72F05BB3-595CF18D3884EFCA-917-960
137,138,7,远山老丈,2018-08-26 09:08:11,为了一己之私，置乘客人身安全于不顾，这样的企业文化是怎么养成的？柳青还好意思稳坐钓鱼台？不想身败名裂就快快辞职吧！,辽宁大连,124.93.197.165,57,1535245691,26,cj,0,0,0,0,5B81FD7A-7C5DC5A5-B3001BEB-917-86D
138,139,7,共伞人,2018-08-26 09:05:31,这次纯粹是滴滴的责任，在朋友报警的情况下滴滴还不能及时配合，借口保护滴滴司机的隐私，既然都出来拉客了车牌和姓名还有什么要保护呀？司机的车牌都要保护那谁来保护乘客的生命呢？这次滴滴必须付出代价给死者一个交代，给全国人民一个交代！,浙江舟山,113.214.221.114,113,1535245531,124,cj,0,0,0,0,5B81FCDC-71D6DD72-3E56B1E7-917-7DE
139,140,7,jorkw,2018-08-26 09:03:13,就想知道类似的事情如果发生在欧美日等发达国家，对于这种相关公司的处罚力度会如何！？,北京,111.201.211.137,41,1535245393,8,cj,0,0,0,0,5B81FC51-6FC9D389-54281265-917-842
